"アクサ生命保険株式会社","https://www.axa.co.jp","Axa"
"アクサダイレクト生命保険株式会社","https://www.axa-direct-life.co.jp","Axa_direct_life"
"朝日生命保険相互会社","https://www.asahi-life.co.jp","Asahi_life"
"アフラック生命保険株式会社","https://www.aflac.co.jp","Aflac"
"イオン・アリアンツ生命保険株式会社","https://www.aeon-allianz.co.jp","Allianz"
"ＳＢＩ生命保険株式会社","https://www.sbilife.co.jp","Sbilife"
"エヌエヌ生命保険株式会社","https://www.nnlife.co.jp","Nnlife"
"ＦＷＤ富士生命保険株式会社","https://www.fwdfujilife.co.jp","Fwdfujilife"
"オリックス生命保険株式会社","https://www.orixlife.co.jp","Orixlife"
"カーディフ生命保険株式会社","https://life.cardif.co.jp","Cardif"
"株式会社かんぽ生命保険","https://www.jp-life.japanpost.jp","Jp_life"
"クレディ・アグリコル生命保険株式会社","https://www.ca-life.jp","Ca_life"
"ジブラルタ生命保険株式会社","https://www.gib-life.co.jp","Gib_life"
"住友生命保険相互会社","https://www.sumitomolife.co.jp","Sumitomolife"
"ソニー生命保険株式会社","https://www.sonylife.co.jp","Sonylife"
"ＳＯＭＰＯひまわり生命保険株式会社","https://www.himawari-life.co.jp","Himawari_life"
"第一生命保険株式会社","https://www.dai-ichi-life.co.jp","Dai_ichi_life"
"第一フロンティア生命保険株式会社","https://www.d-frontier-life.co.jp","D_frontier_life"
"大樹生命保険株式会社","https://www.taiju-life.co.jp","Taiju_life"
"大同生命保険株式会社","https://www.daido-life.co.jp","Daido_life"
"太陽生命保険株式会社","https://www.taiyo-seimei.co.jp","Taiyo_seimei"
"チューリッヒ生命株式会社","https://www.zurichlife.co.jp","Zurichlife"
"Ｔ＆Ｄフィナンシャル生命保険株式会社","https://www.tdf-life.co.jp","Tdf_life"
"東京海上日動あんしん生命保険株式会社","https://www.tmn-anshin.co.jp","Tmn_anshin"
"なないろ生命保険株式会社","https://www.nanairolife.co.jp","Nanairolife"
"ニッセイ・ウェルス生命保険株式会社","https://www.nw-life.co.jp","Nw_life"
"日本生命保険相互会社","https://www.nissay.co.jp","Nissay"
"ネオファースト生命保険株式会社","https://neofirst.co.jp","Neofirst"
"はなさく生命保険株式会社","https://www.life8739.co.jp","Life8739"
"富国生命保険相互会社","https://www.fukoku-life.co.jp","Fukoku_life"
"フコクしんらい生命保険株式会社","https://www.fukokushinrai.co.jp","Fukokushinrai"
"プルデンシャル生命保険株式会社","https://www.prudential.co.jp","Prudential"
"ＰＧＦ生命","https://www.pgf-life.co.jp","Pgf_life"
"マニュライフ生命保険株式会社","https://www.manulife.co.jp","Manulife"
"三井住友海上あいおい生命保険株式会社","https://www.msa-life.co.jp","Msa_life"
"三井住友海上プライマリー生命保険株式会社","https://www.ms-primary.com","Ms_primary"
"みどり生命保険株式会社","https://www.midori-life.com","Midori_life"
"明治安田生命保険相互会社","https://www.meijiyasuda.co.jp","Meijiyasuda"
"メットライフ生命保険株式会社","https://www.metlife.co.jp","Metlife"
"メディケア生命保険株式会社","https://www.medicarelife.com","Medicarelife"
"ライフネット生命保険株式会社","https://www.lifenet-seimei.co.jp","Lifenet_seimei"
"楽天生命保険株式会社","https://www.rakuten-life.co.jp","Rakuten_life"
